local_datetime;value_kwh
2026-03-23T00:00:00;1.950.750,00
2026-03-23T00:05:00;1.928.583,33
2026-03-23T00:10:00;1.932.166,67
2026-03-23T00:15:00;1.923.583,33
2026-03-23T00:20:00;1.924.583,33
2026-03-23T00:25:00;1.919.250,00
2026-03-23T00:30:00;1.902.916,67
2026-03-23T00:35:00;1.890.416,67
2026-03-23T00:40:00;1.888.250,00
2026-03-23T00:45:00;1.896.333,33
2026-03-23T00:50:00;1.859.916,67
2026-03-23T00:55:00;1.849.916,67
2026-03-23T01:00:00;1.832.000,00
2026-03-23T01:05:00;1.846.500,00
2026-03-23T01:10:00;1.834.666,67
2026-03-23T01:15:00;1.815.833,33
2026-03-23T01:20:00;1.810.750,00
2026-03-23T01:25:00;1.795.416,67
2026-03-23T01:30:00;1.789.416,67
2026-03-23T01:35:00;1.789.250,00
2026-03-23T01:40:00;1.774.083,33
2026-03-23T01:45:00;1.793.833,33
2026-03-23T01:50:00;1.763.583,33
2026-03-23T01:55:00;1.776.916,67
2026-03-23T02:00:00;1.735.333,33
2026-03-23T02:05:00;1.753.166,67
2026-03-23T02:10:00;1.734.333,33
2026-03-23T02:15:00;1.718.916,67
2026-03-23T02:20:00;1.726.583,33
2026-03-23T02:25:00;1.734.916,67
2026-03-23T02:30:00;1.722.666,67
2026-03-23T02:35:00;1.723.083,33
2026-03-23T02:40:00;1.729.583,33
2026-03-23T02:45:00;1.701.583,33
2026-03-23T02:50:00;1.721.083,33
2026-03-23T02:55:00;1.702.583,33
2026-03-23T03:00:00;1.715.666,67
2026-03-23T03:05:00;1.700.000,00
2026-03-23T03:10:00;1.699.500,00
2026-03-23T03:15:00;1.722.666,67
2026-03-23T03:20:00;1.711.333,33
2026-03-23T03:25:00;1.721.500,00
2026-03-23T03:30:00;1.687.750,00
2026-03-23T03:35:00;1.726.416,67
2026-03-23T03:40:00;1.701.833,33
2026-03-23T03:45:00;1.703.750,00
2026-03-23T03:50:00;1.716.416,67
2026-03-23T03:55:00;1.701.000,00
2026-03-23T04:00:00;1.690.833,33
2026-03-23T04:05:00;1.716.000,00
2026-03-23T04:10:00;1.707.333,33
2026-03-23T04:15:00;1.718.166,67
2026-03-23T04:20:00;1.712.250,00
2026-03-23T04:25:00;1.709.166,67
2026-03-23T04:30:00;1.707.250,00
2026-03-23T04:35:00;1.704.666,67
2026-03-23T04:40:00;1.723.250,00
2026-03-23T04:45:00;1.714.333,33
2026-03-23T04:50:00;1.723.583,33
2026-03-23T04:55:00;1.707.416,67
2026-03-23T05:00:00;1.735.250,00
2026-03-23T05:05:00;1.749.416,67
2026-03-23T05:10:00;1.762.250,00
2026-03-23T05:15:00;1.773.250,00
2026-03-23T05:20:00;1.788.416,67
2026-03-23T05:25:00;1.789.333,33
2026-03-23T05:30:00;1.809.916,67
2026-03-23T05:35:00;1.797.750,00
2026-03-23T05:40:00;1.823.750,00
2026-03-23T05:45:00;1.845.000,00
2026-03-23T05:50:00;1.845.500,00
2026-03-23T05:55:00;1.880.916,67
2026-03-23T06:00:00;1.923.166,67
2026-03-23T06:05:00;1.971.666,67
2026-03-23T06:10:00;2.009.916,67
2026-03-23T06:15:00;2.041.500,00
2026-03-23T06:20:00;2.072.000,00
2026-03-23T06:25:00;2.082.333,33
2026-03-23T06:30:00;2.128.083,33
2026-03-23T06:35:00;2.161.000,00
2026-03-23T06:40:00;2.184.583,33
2026-03-23T06:45:00;2.195.833,33
2026-03-23T06:50:00;2.209.416,67
2026-03-23T06:55:00;2.253.166,67
2026-03-23T07:00:00;2.271.333,33
2026-03-23T07:05:00;2.336.583,33
2026-03-23T07:10:00;2.368.333,33
2026-03-23T07:15:00;2.400.583,33
2026-03-23T07:20:00;2.425.083,33
2026-03-23T07:25:00;2.444.750,00
2026-03-23T07:30:00;2.453.750,00
2026-03-23T07:35:00;2.485.250,00
2026-03-23T07:40:00;2.491.750,00
2026-03-23T07:45:00;2.491.583,33
2026-03-23T07:50:00;2.521.500,00
2026-03-23T07:55:00;2.534.166,67
2026-03-23T08:00:00;2.570.166,67
2026-03-23T08:05:00;2.587.083,33
2026-03-23T08:10:00;2.617.833,33
2026-03-23T08:15:00;2.647.333,33
2026-03-23T08:20:00;2.671.000,00
2026-03-23T08:25:00;2.691.583,33
2026-03-23T08:30:00;2.699.333,33
2026-03-23T08:35:00;2.702.500,00
2026-03-23T08:40:00;2.703.333,33
2026-03-23T08:45:00;2.704.333,33
2026-03-23T08:50:00;2.726.500,00
2026-03-23T08:55:00;2.735.166,67
2026-03-23T09:00:00;2.713.500,00
2026-03-23T09:05:00;2.725.833,33
2026-03-23T09:10:00;2.737.166,67
2026-03-23T09:15:00;2.751.666,67
2026-03-23T09:20:00;2.785.666,67
2026-03-23T09:25:00;2.783.333,33
2026-03-23T09:30:00;2.758.500,00
2026-03-23T09:35:00;2.780.833,33
2026-03-23T09:40:00;2.771.500,00
2026-03-23T09:45:00;2.747.916,67
2026-03-23T09:50:00;2.767.333,33
2026-03-23T09:55:00;2.730.333,33
2026-03-23T10:00:00;
2026-03-23T10:05:00;
2026-03-23T10:10:00;
2026-03-23T10:15:00;
2026-03-23T10:20:00;
2026-03-23T10:25:00;
2026-03-23T10:30:00;
2026-03-23T10:35:00;
2026-03-23T10:40:00;
2026-03-23T10:45:00;
2026-03-23T10:50:00;
2026-03-23T10:55:00;
2026-03-23T11:00:00;2.707.083,33
2026-03-23T11:05:00;2.717.416,67
2026-03-23T11:10:00;2.714.000,00
2026-03-23T11:15:00;2.700.750,00
2026-03-23T11:20:00;2.716.666,67
2026-03-23T11:25:00;2.708.750,00
2026-03-23T11:30:00;2.706.833,33
2026-03-23T11:35:00;2.710.416,67
2026-03-23T11:40:00;2.702.083,33
2026-03-23T11:45:00;2.693.166,67
2026-03-23T11:50:00;2.676.500,00
2026-03-23T11:55:00;2.678.166,67
2026-03-23T12:00:00;2.683.333,33
2026-03-23T12:05:00;2.685.583,33
2026-03-23T12:10:00;2.675.916,67
2026-03-23T12:15:00;2.650.666,67
2026-03-23T12:20:00;2.686.583,33
2026-03-23T12:25:00;2.676.666,67
2026-03-23T12:30:00;2.663.916,67
2026-03-23T12:35:00;2.695.583,33
2026-03-23T12:40:00;2.710.666,67
2026-03-23T12:45:00;2.693.583,33
2026-03-23T12:50:00;2.703.083,33
2026-03-23T12:55:00;2.683.666,67
2026-03-23T13:00:00;2.697.500,00
2026-03-23T13:05:00;2.690.250,00
2026-03-23T13:10:00;2.683.833,33
2026-03-23T13:15:00;2.701.250,00
2026-03-23T13:20:00;2.713.000,00
2026-03-23T13:25:00;2.719.333,33
2026-03-23T13:30:00;2.698.583,33
2026-03-23T13:35:00;2.720.666,67
2026-03-23T13:40:00;2.709.333,33
2026-03-23T13:45:00;2.706.083,33
2026-03-23T13:50:00;2.715.666,67
2026-03-23T13:55:00;2.712.750,00
2026-03-23T14:00:00;2.692.166,67
2026-03-23T14:05:00;2.691.333,33
2026-03-23T14:10:00;2.714.416,67
2026-03-23T14:15:00;2.726.333,33
2026-03-23T14:20:00;2.726.333,33
2026-03-23T14:25:00;2.716.750,00
2026-03-23T14:30:00;2.732.916,67
2026-03-23T14:35:00;2.719.750,00
2026-03-23T14:40:00;2.695.500,00
2026-03-23T14:45:00;2.686.666,67
2026-03-23T14:50:00;2.683.833,33
2026-03-23T14:55:00;2.656.000,00
2026-03-23T15:00:00;2.674.250,00
2026-03-23T15:05:00;2.649.833,33
2026-03-23T15:10:00;2.676.583,33
2026-03-23T15:15:00;2.680.166,67
2026-03-23T15:20:00;2.677.000,00
2026-03-23T15:25:00;2.659.666,67
2026-03-23T15:30:00;2.656.083,33
2026-03-23T15:35:00;2.636.250,00
2026-03-23T15:40:00;2.651.750,00
2026-03-23T15:45:00;2.644.916,67
2026-03-23T15:50:00;2.655.166,67
2026-03-23T15:55:00;2.628.500,00
2026-03-23T16:00:00;2.635.750,00
2026-03-23T16:05:00;2.644.750,00
2026-03-23T16:10:00;2.643.583,33
2026-03-23T16:15:00;2.641.583,33
2026-03-23T16:20:00;2.627.250,00
2026-03-23T16:25:00;2.640.500,00
2026-03-23T16:30:00;2.631.500,00
2026-03-23T16:35:00;2.619.583,33
2026-03-23T16:40:00;2.612.500,00
2026-03-23T16:45:00;2.637.000,00
2026-03-23T16:50:00;2.634.083,33
2026-03-23T16:55:00;2.627.500,00
2026-03-23T17:00:00;2.629.250,00
2026-03-23T17:05:00;2.648.416,67
2026-03-23T17:10:00;2.646.333,33
2026-03-23T17:15:00;2.670.833,33
2026-03-23T17:20:00;2.649.833,33
2026-03-23T17:25:00;2.646.416,67
2026-03-23T17:30:00;2.660.750,00
2026-03-23T17:35:00;2.652.583,33
2026-03-23T17:40:00;2.651.416,67
2026-03-23T17:45:00;2.619.833,33
2026-03-23T17:50:00;2.619.916,67
2026-03-23T17:55:00;2.610.666,67
2026-03-23T18:00:00;2.607.583,33
2026-03-23T18:05:00;2.615.833,33
2026-03-23T18:10:00;2.612.916,67
2026-03-23T18:15:00;2.605.500,00
2026-03-23T18:20:00;2.612.500,00
2026-03-23T18:25:00;2.599.416,67
2026-03-23T18:30:00;2.608.333,33
2026-03-23T18:35:00;2.600.750,00
2026-03-23T18:40:00;2.590.000,00
2026-03-23T18:45:00;2.586.500,00
2026-03-23T18:50:00;2.591.750,00
2026-03-23T18:55:00;2.579.000,00
2026-03-23T19:00:00;2.568.083,33
2026-03-23T19:05:00;2.614.250,00
2026-03-23T19:10:00;2.633.250,00
2026-03-23T19:15:00;2.645.750,00
2026-03-23T19:20:00;2.668.500,00
2026-03-23T19:25:00;2.683.750,00
2026-03-23T19:30:00;2.697.666,67
2026-03-23T19:35:00;2.725.250,00
2026-03-23T19:40:00;2.744.583,33
2026-03-23T19:45:00;2.769.916,67
2026-03-23T19:50:00;2.781.250,00
2026-03-23T19:55:00;2.792.833,33
2026-03-23T20:00:00;2.812.166,67
2026-03-23T20:05:00;2.816.000,00
2026-03-23T20:10:00;2.845.666,67
2026-03-23T20:15:00;2.844.416,67
2026-03-23T20:20:00;2.860.500,00
2026-03-23T20:25:00;2.849.166,67
2026-03-23T20:30:00;2.854.416,67
2026-03-23T20:35:00;2.869.083,33
2026-03-23T20:40:00;2.873.750,00
2026-03-23T20:45:00;2.876.416,67
2026-03-23T20:50:00;2.861.083,33
2026-03-23T20:55:00;2.867.416,67
2026-03-23T21:00:00;2.868.250,00
2026-03-23T21:05:00;2.860.916,67
2026-03-23T21:10:00;2.858.250,00
2026-03-23T21:15:00;2.834.333,33
2026-03-23T21:20:00;2.829.833,33
2026-03-23T21:25:00;2.803.166,67
2026-03-23T21:30:00;2.793.000,00
2026-03-23T21:35:00;2.779.250,00
2026-03-23T21:40:00;2.752.666,67
2026-03-23T21:45:00;2.717.666,67
2026-03-23T21:50:00;2.684.250,00
2026-03-23T21:55:00;2.662.583,33
2026-03-23T22:00:00;2.636.916,67
2026-03-23T22:05:00;2.613.833,33
2026-03-23T22:10:00;2.598.583,33
2026-03-23T22:15:00;2.578.500,00
2026-03-23T22:20:00;2.545.083,33
2026-03-23T22:25:00;2.530.583,33
2026-03-23T22:30:00;2.507.916,67
2026-03-23T22:35:00;2.491.583,33
2026-03-23T22:40:00;2.462.000,00
2026-03-23T22:45:00;2.441.166,67
2026-03-23T22:50:00;2.413.000,00
2026-03-23T22:55:00;2.413.166,67
2026-03-23T23:00:00;2.395.750,00
2026-03-23T23:05:00;2.364.666,67
2026-03-23T23:10:00;2.349.916,67
2026-03-23T23:15:00;2.326.916,67
2026-03-23T23:20:00;2.309.333,33
2026-03-23T23:25:00;2.279.333,33
2026-03-23T23:30:00;2.262.166,67
2026-03-23T23:35:00;2.231.833,33
2026-03-23T23:40:00;2.201.750,00
2026-03-23T23:45:00;2.190.000,00
2026-03-23T23:50:00;2.176.000,00
2026-03-23T23:55:00;2.165.000,00
2026-03-24T00:00:00;2.142.083,33
2026-03-24T00:05:00;2.153.833,33
2026-03-24T00:10:00;2.155.416,67
2026-03-24T00:15:00;2.138.333,33
2026-03-24T00:20:00;2.144.750,00
2026-03-24T00:25:00;2.125.833,33
2026-03-24T00:30:00;2.122.250,00
2026-03-24T00:35:00;2.100.000,00
2026-03-24T00:40:00;2.076.416,67
2026-03-24T00:45:00;2.070.500,00
2026-03-24T00:50:00;2.059.916,67
2026-03-24T00:55:00;2.058.583,33
2026-03-24T01:00:00;2.041.166,67
2026-03-24T01:05:00;2.061.166,67
2026-03-24T01:10:00;2.035.916,67
2026-03-24T01:15:00;2.022.500,00
2026-03-24T01:20:00;2.005.916,67
2026-03-24T01:25:00;2.015.583,33
2026-03-24T01:30:00;1.988.916,67
2026-03-24T01:35:00;1.994.500,00
2026-03-24T01:40:00;1.984.250,00
2026-03-24T01:45:00;1.964.083,33
2026-03-24T01:50:00;1.975.833,33
2026-03-24T01:55:00;1.961.083,33
2026-03-24T02:00:00;1.949.250,00
2026-03-24T02:05:00;1.958.416,67
2026-03-24T02:10:00;1.948.416,67
2026-03-24T02:15:00;1.946.416,67
2026-03-24T02:20:00;1.954.500,00
2026-03-24T02:25:00;1.934.583,33
2026-03-24T02:30:00;1.921.833,33
2026-03-24T02:35:00;1.930.500,00
2026-03-24T02:40:00;1.907.500,00
2026-03-24T02:45:00;1.886.916,67
2026-03-24T02:50:00;1.905.250,00
2026-03-24T02:55:00;1.923.500,00
2026-03-24T03:00:00;1.898.500,00
2026-03-24T03:05:00;1.885.250,00
2026-03-24T03:10:00;1.885.916,67
2026-03-24T03:15:00;1.887.000,00
2026-03-24T03:20:00;1.908.333,33
2026-03-24T03:25:00;1.918.666,67
2026-03-24T03:30:00;1.904.583,33
2026-03-24T03:35:00;1.917.333,33
2026-03-24T03:40:00;1.892.416,67
2026-03-24T03:45:00;1.874.500,00
2026-03-24T03:50:00;1.872.416,67
2026-03-24T03:55:00;1.887.333,33
2026-03-24T04:00:00;1.884.583,33
2026-03-24T04:05:00;1.885.916,67
2026-03-24T04:10:00;1.898.750,00
2026-03-24T04:15:00;1.904.083,33
2026-03-24T04:20:00;1.903.833,33
2026-03-24T04:25:00;1.908.750,00
2026-03-24T04:30:00;1.903.500,00
2026-03-24T04:35:00;1.906.250,00
2026-03-24T04:40:00;1.901.333,33
2026-03-24T04:45:00;1.904.916,67
2026-03-24T04:50:00;1.903.750,00
2026-03-24T04:55:00;1.917.333,33
2026-03-24T05:00:00;1.918.166,67
2026-03-24T05:05:00;1.955.750,00
2026-03-24T05:10:00;1.964.500,00
2026-03-24T05:15:00;1.970.250,00
2026-03-24T05:20:00;1.970.833,33
2026-03-24T05:25:00;1.983.416,67
2026-03-24T05:30:00;1.980.833,33
2026-03-24T05:35:00;1.992.750,00
2026-03-24T05:40:00;2.010.583,33
2026-03-24T05:45:00;2.032.250,00
2026-03-24T05:50:00;2.047.833,33
2026-03-24T05:55:00;2.059.166,67
2026-03-24T06:00:00;2.091.166,67
2026-03-24T06:05:00;2.134.500,00
2026-03-24T06:10:00;2.162.166,67
2026-03-24T06:15:00;2.196.750,00
2026-03-24T06:20:00;2.219.750,00
2026-03-24T06:25:00;2.250.083,33
2026-03-24T06:30:00;2.268.666,67
2026-03-24T06:35:00;2.298.416,67
2026-03-24T06:40:00;2.312.333,33
2026-03-24T06:45:00;2.344.583,33
2026-03-24T06:50:00;2.350.583,33
2026-03-24T06:55:00;2.356.000,00
2026-03-24T07:00:00;2.411.083,33
2026-03-24T07:05:00;2.467.750,00
2026-03-24T07:10:00;2.465.250,00
2026-03-24T07:15:00;2.506.500,00
2026-03-24T07:20:00;2.533.083,33
2026-03-24T07:25:00;2.557.666,67
2026-03-24T07:30:00;2.567.750,00
2026-03-24T07:35:00;2.588.583,33
2026-03-24T07:40:00;2.631.083,33
2026-03-24T07:45:00;2.648.666,67
2026-03-24T07:50:00;2.652.916,67
2026-03-24T07:55:00;2.660.666,67
2026-03-24T08:00:00;2.681.833,33
2026-03-24T08:05:00;2.717.750,00
2026-03-24T08:10:00;2.757.750,00
2026-03-24T08:15:00;2.764.416,67
2026-03-24T08:20:00;2.791.750,00
2026-03-24T08:25:00;2.814.500,00
2026-03-24T08:30:00;2.804.583,33
2026-03-24T08:35:00;2.818.583,33
2026-03-24T08:40:00;2.823.333,33
2026-03-24T08:45:00;2.815.333,33
2026-03-24T08:50:00;2.827.833,33
2026-03-24T08:55:00;2.844.083,33
2026-03-24T09:00:00;2.849.166,67
2026-03-24T09:05:00;2.846.666,67
2026-03-24T09:10:00;2.863.500,00
2026-03-24T09:15:00;2.888.333,33
2026-03-24T09:20:00;2.879.333,33
2026-03-24T09:25:00;2.874.666,67
2026-03-24T09:30:00;2.884.916,67
2026-03-24T09:35:00;2.879.333,33
2026-03-24T09:40:00;2.849.583,33
2026-03-24T09:45:00;2.850.000,00
2026-03-24T09:50:00;2.849.666,67
2026-03-24T09:55:00;2.837.666,67
2026-03-24T10:00:00;2.827.500,00
2026-03-24T10:05:00;2.818.166,67
2026-03-24T10:10:00;2.840.500,00
2026-03-24T10:15:00;2.817.250,00
2026-03-24T10:20:00;2.819.666,67
2026-03-24T10:25:00;2.812.083,33
2026-03-24T10:30:00;2.803.166,67
2026-03-24T10:35:00;2.792.666,67
2026-03-24T10:40:00;2.785.416,67
2026-03-24T10:45:00;2.778.416,67
2026-03-24T10:50:00;2.771.250,00
2026-03-24T10:55:00;2.767.166,67
2026-03-24T11:00:00;2.767.166,67
2026-03-24T11:05:00;2.736.416,67
2026-03-24T11:10:00;2.749.666,67
2026-03-24T11:15:00;2.732.750,00
2026-03-24T11:20:00;2.730.333,33
2026-03-24T11:25:00;2.725.083,33
2026-03-24T11:30:00;2.703.750,00
2026-03-24T11:35:00;2.707.750,00
2026-03-24T11:40:00;2.692.500,00
2026-03-24T11:45:00;2.693.166,67
2026-03-24T11:50:00;2.695.750,00
2026-03-24T11:55:00;2.673.416,67
2026-03-24T12:00:00;2.682.583,33;
2026-03-24T12:05:00;2.664.750,00;
2026-03-24T12:10:00;2.669.250,00;
2026-03-24T12:15:00;2.679.250,00;
2026-03-24T12:20:00;2.681.500,00;
2026-03-24T12:25:00;2.677.333,33;
2026-03-24T12:30:00;2.669.750,00;
2026-03-24T12:35:00;2.663.083,33;
2026-03-24T12:40:00;2.663.000,00;
2026-03-24T12:45:00;2.651.916,67;
2026-03-24T12:50:00;2.672.000,00;
2026-03-24T12:55:00;2.663.000,00;
2026-03-24T13:00:00;2.661.500,00;
2026-03-24T13:05:00;2.695.916,67;
2026-03-24T13:10:00;2.690.916,67;
2026-03-24T13:15:00;2.679.333,33;
2026-03-24T13:20:00;2.708.166,67;
2026-03-24T13:25:00;2.708.000,00;
2026-03-24T13:30:00;2.696.750,00;
2026-03-24T13:35:00;2.690.250,00;
2026-03-24T13:40:00;2.694.833,33;
2026-03-24T13:45:00;2.680.333,33;
2026-03-24T13:50:00;2.676.416,67;
2026-03-24T13:55:00;2.672.166,67;
2026-03-24T14:00:00;2.659.250,00;
2026-03-24T14:05:00;2.674.750,00
2026-03-24T14:10:00;2.684.166,67
2026-03-24T14:15:00;2.671.583,33
2026-03-24T14:20:00;2.690.750,00
2026-03-24T14:25:00;2.684.500,00
2026-03-24T14:30:00;2.683.000,00
2026-03-24T14:35:00;2.675.666,67
2026-03-24T14:40:00;2.671.583,33
2026-03-24T14:45:00;2.682.083,33
2026-03-24T14:50:00;2.663.833,33
2026-03-24T14:55:00;2.642.833,33
2026-03-24T15:00:00;2.650.083,33
2026-03-24T15:05:00;2.635.666,67
2026-03-24T15:10:00;2.625.500,00
2026-03-24T15:15:00;2.624.083,33
2026-03-24T15:20:00;2.607.833,33
2026-03-24T15:25:00;2.610.500,00
2026-03-24T15:30:00;2.616.500,00
2026-03-24T15:35:00;2.613.833,33
2026-03-24T15:40:00;2.629.666,67
2026-03-24T15:45:00;2.609.916,67
2026-03-24T15:50:00;2.629.666,67
2026-03-24T15:55:00;2.622.916,67
2026-03-24T16:00:00;2.618.583,33
2026-03-24T16:05:00;2.604.416,67
2026-03-24T16:10:00;2.623.750,00
2026-03-24T16:15:00;2.635.333,33
2026-03-24T16:20:00;2.635.833,33
2026-03-24T16:25:00;2.639.500,00
2026-03-24T16:30:00;2.642.833,33
2026-03-24T16:35:00;2.653.000,00
2026-03-24T16:40:00;2.653.583,33
2026-03-24T16:45:00;2.661.750,00
2026-03-24T16:50:00;2.667.666,67
2026-03-24T16:55:00;2.672.500,00
2026-03-24T17:00:00;2.667.333,33
2026-03-24T17:05:00;2.678.333,33
2026-03-24T17:10:00;2.701.666,67
2026-03-24T17:15:00;2.695.500,00
2026-03-24T17:20:00;2.695.916,67
2026-03-24T17:25:00;2.700.333,33
2026-03-24T17:30:00;2.676.083,33
2026-03-24T17:35:00;2.668.666,67
2026-03-24T17:40:00;2.677.916,67
2026-03-24T17:45:00;2.674.916,67
2026-03-24T17:50:00;2.651.333,33
2026-03-24T17:55:00;2.644.583,33
2026-03-24T18:00:00;2.634.083,33
2026-03-24T18:05:00;2.641.916,67
2026-03-24T18:10:00;2.634.833,33
2026-03-24T18:15:00;2.628.000,00
2026-03-24T18:20:00;2.642.916,67
2026-03-24T18:25:00;2.623.250,00
2026-03-24T18:30:00;2.613.750,00
2026-03-24T18:35:00;2.616.666,67
2026-03-24T18:40:00;2.608.333,33
2026-03-24T18:45:00;2.597.333,33
2026-03-24T18:50:00;2.604.333,33
2026-03-24T18:55:00;2.594.666,67
2026-03-24T19:00:00;2.594.500,00
2026-03-24T19:05:00;2.605.916,67
2026-03-24T19:10:00;2.625.250,00
2026-03-24T19:15:00;2.624.833,33
2026-03-24T19:20:00;2.634.916,67
2026-03-24T19:25:00;2.662.916,67
2026-03-24T19:30:00;2.682.583,33
2026-03-24T19:35:00;2.704.750,00
2026-03-24T19:40:00;2.724.083,33
2026-03-24T19:45:00;2.756.166,67
2026-03-24T19:50:00;2.782.000,00
2026-03-24T19:55:00;2.800.583,33
2026-03-24T20:00:00;2.801.250,00
2026-03-24T20:05:00;2.823.416,67
2026-03-24T20:10:00;2.829.833,33
2026-03-24T20:15:00;2.844.583,33
2026-03-24T20:20:00;2.858.750,00
2026-03-24T20:25:00;2.849.416,67
2026-03-24T20:30:00;2.865.416,67
2026-03-24T20:35:00;2.873.250,00
2026-03-24T20:40:00;2.869.750,00
2026-03-24T20:45:00;2.874.333,33
2026-03-24T20:50:00;2.881.833,33
2026-03-24T20:55:00;2.888.083,33
2026-03-24T21:00:00;2.868.250,00
2026-03-24T21:05:00;2.874.666,67
2026-03-24T21:10:00;2.872.500,00
2026-03-24T21:15:00;2.856.000,00
2026-03-24T21:20:00;2.841.666,67
2026-03-24T21:25:00;2.825.750,00
2026-03-24T21:30:00;2.792.833,33
2026-03-24T21:35:00;2.770.416,67
2026-03-24T21:40:00;2.749.583,33
2026-03-24T21:45:00;2.743.416,67
2026-03-24T21:50:00;2.721.000,00
2026-03-24T21:55:00;2.686.250,00
2026-03-24T22:00:00;2.665.166,67
2026-03-24T22:05:00;2.629.083,33
2026-03-24T22:10:00;2.609.916,67
2026-03-24T22:15:00;2.610.500,00
2026-03-24T22:20:00;2.596.000,00
2026-03-24T22:25:00;2.571.250,00
2026-03-24T22:30:00;2.554.583,33
2026-03-24T22:35:00;2.525.416,67
2026-03-24T22:40:00;2.499.583,33
2026-03-24T22:45:00;2.468.000,00
2026-03-24T22:50:00;2.430.666,67
2026-03-24T22:55:00;2.431.583,33
2026-03-24T23:00:00;2.416.166,67
2026-03-24T23:05:00;2.387.833,33
2026-03-24T23:10:00;2.373.750,00
2026-03-24T23:15:00;2.335.000,00
2026-03-24T23:20:00;2.323.166,67
2026-03-24T23:25:00;2.308.500,00
2026-03-24T23:30:00;2.286.833,33
2026-03-24T23:35:00;2.255.083,33
2026-03-24T23:40:00;2.243.750,00
2026-03-24T23:45:00;2.232.333,33
2026-03-24T23:50:00;2.197.916,67
2026-03-24T23:55:00;2.182.500,00
2026-03-25T00:00:00;2.162.916,67
2026-03-25T00:05:00;2.174.250,00
2026-03-25T00:10:00;2.176.666,67
2026-03-25T00:15:00;2.182.416,67
2026-03-25T00:20:00;2.151.083,33
2026-03-25T00:25:00;2.140.583,33
2026-03-25T00:30:00;2.133.000,00
2026-03-25T00:35:00;2.135.916,67
2026-03-25T00:40:00;2.132.583,33
2026-03-25T00:45:00;2.099.333,33
2026-03-25T00:50:00;2.103.333,33
2026-03-25T00:55:00;2.077.250,00
2026-03-25T01:00:00;2.054.333,33
2026-03-25T01:05:00;2.049.583,33
2026-03-25T01:10:00;2.059.500,00
2026-03-25T01:15:00;2.048.083,33
2026-03-25T01:20:00;2.044.416,67
2026-03-25T01:25:00;2.037.416,67
2026-03-25T01:30:00;2.007.083,33
2026-03-25T01:35:00;1.986.500,00
2026-03-25T01:40:00;1.983.000,00
2026-03-25T01:45:00;1.974.500,00
2026-03-25T01:50:00;1.982.500,00
2026-03-25T01:55:00;1.966.416,67
2026-03-25T02:00:00;1.963.750,00
2026-03-25T02:05:00;1.950.916,67
2026-03-25T02:10:00;1.962.583,33
2026-03-25T02:15:00;1.923.750,00
2026-03-25T02:20:00;1.948.500,00
2026-03-25T02:25:00;1.936.666,67
2026-03-25T02:30:00;1.928.416,67
2026-03-25T02:35:00;1.944.916,67
2026-03-25T02:40:00;1.925.750,00
2026-03-25T02:45:00;1.922.750,00
2026-03-25T02:50:00;1.921.916,67
2026-03-25T02:55:00;1.916.416,67
2026-03-25T03:00:00;1.911.833,33
2026-03-25T03:05:00;1.907.666,67
2026-03-25T03:10:00;1.901.500,00
2026-03-25T03:15:00;1.908.750,00
2026-03-25T03:20:00;1.894.666,67
2026-03-25T03:25:00;1.905.250,00
2026-03-25T03:30:00;1.914.250,00
2026-03-25T03:35:00;1.908.000,00
2026-03-25T03:40:00;1.903.750,00
2026-03-25T03:45:00;1.885.083,33
2026-03-25T03:50:00;1.890.500,00
2026-03-25T03:55:00;1.887.166,67
2026-03-25T04:00:00;1.879.666,67
2026-03-25T04:05:00;1.897.250,00
2026-03-25T04:10:00;1.896.916,67
2026-03-25T04:15:00;1.891.583,33
2026-03-25T04:20:00;1.898.000,00
2026-03-25T04:25:00;1.890.000,00
2026-03-25T04:30:00;1.879.583,33
2026-03-25T04:35:00;1.898.333,33
2026-03-25T04:40:00;1.893.000,00
2026-03-25T04:45:00;1.898.500,00
2026-03-25T04:50:00;1.901.000,00
2026-03-25T04:55:00;1.911.166,67
2026-03-25T05:00:00;1.923.666,67
2026-03-25T05:05:00;1.933.083,33
2026-03-25T05:10:00;1.939.250,00
2026-03-25T05:15:00;1.925.416,67
2026-03-25T05:20:00;1.943.833,33
2026-03-25T05:25:00;1.954.500,00
2026-03-25T05:30:00;1.949.333,33
2026-03-25T05:35:00;1.948.666,67
2026-03-25T05:40:00;1.971.500,00
2026-03-25T05:45:00;1.989.250,00
2026-03-25T05:50:00;1.995.083,33
2026-03-25T05:55:00;1.998.250,00
2026-03-25T06:00:00;2.026.083,33
2026-03-25T06:05:00;2.078.333,33
2026-03-25T06:10:00;2.122.000,00
2026-03-25T06:15:00;2.140.583,33
2026-03-25T06:20:00;2.164.416,67
2026-03-25T06:25:00;2.184.416,67
2026-03-25T06:30:00;2.206.583,33
2026-03-25T06:35:00;2.245.333,33
2026-03-25T06:40:00;2.266.250,00
2026-03-25T06:45:00;2.270.250,00
2026-03-25T06:50:00;2.307.916,67
2026-03-25T06:55:00;2.313.166,67
2026-03-25T07:00:00;2.334.750,00
2026-03-25T07:05:00;2.401.666,67
2026-03-25T07:10:00;2.425.833,33
2026-03-25T07:15:00;2.460.666,67
2026-03-25T07:20:00;2.484.750,00
2026-03-25T07:25:00;2.503.666,67
2026-03-25T07:30:00;2.517.083,33
2026-03-25T07:35:00;2.525.833,33
2026-03-25T07:40:00;2.554.000,00
2026-03-25T07:45:00;2.591.916,67
2026-03-25T07:50:00;2.591.250,00
2026-03-25T07:55:00;2.595.583,33
2026-03-25T08:00:00;2.595.833,33
2026-03-25T08:05:00;2.632.083,33
2026-03-25T08:10:00;2.650.666,67
2026-03-25T08:15:00;2.689.250,00
2026-03-25T08:20:00;2.698.750,00
2026-03-25T08:25:00;2.728.750,00
2026-03-25T08:30:00;2.729.583,33
2026-03-25T08:35:00;2.734.166,67
2026-03-25T08:40:00;2.751.583,33
2026-03-25T08:45:00;2.745.166,67
2026-03-25T08:50:00;2.735.250,00
2026-03-25T08:55:00;2.726.000,00
2026-03-25T09:00:00;2.740.250,00
2026-03-25T09:05:00;2.754.166,67
2026-03-25T09:10:00;2.765.416,67
2026-03-25T09:15:00;2.776.083,33
2026-03-25T09:20:00;2.762.083,33
2026-03-25T09:25:00;2.783.916,67
2026-03-25T09:30:00;2.769.500,00
2026-03-25T09:35:00;2.749.583,33
2026-03-25T09:40:00;2.750.500,00
2026-03-25T09:45:00;2.742.333,33
2026-03-25T09:50:00;2.722.916,67
2026-03-25T09:55:00;2.732.416,67
2026-03-25T10:00:00;2.727.500,00
2026-03-25T10:05:00;2.726.916,67
2026-03-25T10:10:00;2.760.416,67
2026-03-25T10:15:00;2.720.916,67
2026-03-25T10:20:00;2.723.750,00
2026-03-25T10:25:00;2.704.666,67
2026-03-25T10:30:00;2.682.916,67
2026-03-25T10:35:00;2.687.833,33
2026-03-25T10:40:00;2.693.083,33
2026-03-25T10:45:00;2.669.416,67
2026-03-25T10:50:00;2.663.416,67
2026-03-25T10:55:00;2.673.833,33
2026-03-25T11:00:00;2.657.333,33
2026-03-25T11:05:00;2.655.083,33
2026-03-25T11:10:00;2.653.333,33
2026-03-25T11:15:00;2.644.000,00
2026-03-25T11:20:00;2.651.583,33
2026-03-25T11:25:00;2.629.083,33
2026-03-25T11:30:00;2.635.500,00
2026-03-25T11:35:00;2.628.000,00
2026-03-25T11:40:00;2.629.166,67
2026-03-25T11:45:00;2.617.916,67
2026-03-25T11:50:00;2.620.000,00
2026-03-25T11:55:00;2.610.250,00
2026-03-25T12:00:00;2.616.666,67
2026-03-25T12:05:00;2.609.833,33
2026-03-25T12:10:00;2.617.750,00
2026-03-25T12:15:00;2.606.083,33
2026-03-25T12:20:00;2.602.083,33
2026-03-25T12:25:00;2.600.250,00
2026-03-25T12:30:00;2.605.916,67
2026-03-25T12:35:00;2.629.750,00
2026-03-25T12:40:00;2.623.000,00
2026-03-25T12:45:00;2.617.916,67
2026-03-25T12:50:00;2.612.583,33
2026-03-25T12:55:00;2.616.916,67
2026-03-25T13:00:00;2.625.500,00
2026-03-25T13:05:00;2.624.083,33
2026-03-25T13:10:00;2.612.750,00
2026-03-25T13:15:00;2.621.000,00
2026-03-25T13:20:00;2.619.833,33
2026-03-25T13:25:00;2.625.583,33
2026-03-25T13:30:00;2.636.333,33
2026-03-25T13:35:00;2.631.166,67
2026-03-25T13:40:00;2.625.833,33
2026-03-25T13:45:00;2.625.750,00
2026-03-25T13:50:00;2.601.916,67
2026-03-25T13:55:00;2.594.500,00
2026-03-25T14:00:00;2.603.500,00
2026-03-25T14:05:00;2.600.583,33
2026-03-25T14:10:00;2.609.833,33
2026-03-25T14:15:00;2.615.333,33
2026-03-25T14:20:00;2.625.750,00
2026-03-25T14:25:00;2.618.250,00
2026-03-25T14:30:00;2.620.833,33
2026-03-25T14:35:00;2.612.750,00
2026-03-25T14:40:00;2.595.916,67
2026-03-25T14:45:00;2.585.500,00
2026-03-25T14:50:00;2.610.416,67
2026-03-25T14:55:00;2.595.750,00
2026-03-25T15:00:00;2.574.833,33
2026-03-25T15:05:00;2.583.416,67
2026-03-25T15:10:00;2.575.000,00
2026-03-25T15:15:00;2.561.666,67
2026-03-25T15:20:00;2.566.916,67
2026-03-25T15:25:00;2.560.083,33
2026-03-25T15:30:00;2.560.666,67
2026-03-25T15:35:00;2.564.750,00
2026-03-25T15:40:00;2.551.583,33
2026-03-25T15:45:00;2.549.250,00
2026-03-25T15:50:00;2.553.083,33
2026-03-25T15:55:00;2.536.583,33
2026-03-25T16:00:00;2.533.250,00
2026-03-25T16:05:00;2.530.500,00
2026-03-25T16:10:00;2.530.750,00
2026-03-25T16:15:00;2.555.250,00
2026-03-25T16:20:00;2.550.500,00
2026-03-25T16:25:00;2.534.000,00
2026-03-25T16:30:00;2.536.083,33
2026-03-25T16:35:00;2.546.666,67
2026-03-25T16:40:00;2.547.083,33
2026-03-25T16:45:00;2.535.416,67
2026-03-25T16:50:00;2.532.000,00
2026-03-25T16:55:00;2.522.500,00
2026-03-25T17:00:00;2.559.250,00
2026-03-25T17:05:00;2.543.333,33
2026-03-25T17:10:00;2.558.250,00
2026-03-25T17:15:00;2.575.166,67
2026-03-25T17:20:00;2.582.750,00
2026-03-25T17:25:00;2.556.916,67
2026-03-25T17:30:00;2.572.416,67
2026-03-25T17:35:00;2.575.666,67
2026-03-25T17:40:00;2.578.500,00
2026-03-25T17:45:00;2.548.250,00
2026-03-25T17:50:00;2.553.416,67
2026-03-25T17:55:00;2.555.833,33
2026-03-25T18:00:00;
2026-03-25T18:05:00;
2026-03-25T18:10:00;
2026-03-25T18:15:00;
2026-03-25T18:20:00;
2026-03-25T18:25:00;
2026-03-25T18:30:00;
2026-03-25T18:35:00;
2026-03-25T18:40:00;
2026-03-25T18:45:00;
2026-03-25T18:50:00;
2026-03-25T18:55:00;
2026-03-25T19:00:00;2.524.333,33
2026-03-25T19:05:00;2.541.416,67
2026-03-25T19:10:00;2.535.916,67
2026-03-25T19:15:00;2.544.833,33
2026-03-25T19:20:00;2.560.166,67
2026-03-25T19:25:00;2.579.083,33
2026-03-25T19:30:00;2.592.166,67
2026-03-25T19:35:00;2.647.666,67
2026-03-25T19:40:00;2.672.833,33
2026-03-25T19:45:00;2.703.000,00
2026-03-25T19:50:00;2.730.250,00
2026-03-25T19:55:00;2.751.166,67
2026-03-25T20:00:00;2.751.333,33
2026-03-25T20:05:00;2.750.500,00
2026-03-25T20:10:00;2.773.083,33
2026-03-25T20:15:00;2.778.583,33
2026-03-25T20:20:00;2.780.166,67
2026-03-25T20:25:00;2.791.000,00
2026-03-25T20:30:00;2.784.416,67
2026-03-25T20:35:00;2.787.916,67
2026-03-25T20:40:00;2.796.833,33
2026-03-25T20:45:00;2.806.000,00
2026-03-25T20:50:00;2.824.166,67
2026-03-25T20:55:00;2.811.166,67
2026-03-25T21:00:00;2.784.250,00
2026-03-25T21:05:00;2.804.166,67
2026-03-25T21:10:00;2.801.333,33
2026-03-25T21:15:00;2.794.166,67
2026-03-25T21:20:00;2.785.000,00
2026-03-25T21:25:00;2.756.416,67
2026-03-25T21:30:00;2.738.916,67
2026-03-25T21:35:00;2.715.416,67
2026-03-25T21:40:00;2.706.500,00
2026-03-25T21:45:00;2.690.250,00
2026-03-25T21:50:00;2.666.166,67
2026-03-25T21:55:00;2.622.333,33
2026-03-25T22:00:00;2.585.250,00
2026-03-25T22:05:00;2.574.416,67
2026-03-25T22:10:00;2.553.666,67
2026-03-25T22:15:00;2.537.000,00
2026-03-25T22:20:00;2.502.083,33
2026-03-25T22:25:00;2.498.750,00
2026-03-25T22:30:00;2.489.583,33
2026-03-25T22:35:00;2.455.666,67
2026-03-25T22:40:00;2.427.666,67
2026-03-25T22:45:00;2.396.416,67
2026-03-25T22:50:00;2.378.916,67
2026-03-25T22:55:00;2.357.333,33
2026-03-25T23:00:00;2.325.666,67
2026-03-25T23:05:00;2.289.250,00
2026-03-25T23:10:00;2.293.583,33
2026-03-25T23:15:00;2.266.833,33
2026-03-25T23:20:00;2.241.416,67
2026-03-25T23:25:00;2.213.583,33
2026-03-25T23:30:00;2.189.416,67
2026-03-25T23:35:00;2.181.500,00
2026-03-25T23:40:00;2.162.333,33
2026-03-25T23:45:00;2.147.000,00
2026-03-25T23:50:00;2.117.833,33
2026-03-25T23:55:00;2.095.750,00
2026-03-26T00:00:00;2.072.583,33
2026-03-26T00:05:00;2.091.333,33
2026-03-26T00:10:00;2.089.333,33
2026-03-26T00:15:00;2.075.000,00
2026-03-26T00:20:00;2.082.666,67
2026-03-26T00:25:00;2.060.333,33
2026-03-26T00:30:00;2.042.333,33
2026-03-26T00:35:00;2.036.166,67
2026-03-26T00:40:00;2.020.583,33
2026-03-26T00:45:00;1.998.416,67
2026-03-26T00:50:00;1.991.083,33
2026-03-26T00:55:00;1.972.833,33
2026-03-26T01:00:00;1.958.666,67
2026-03-26T01:05:00;1.957.750,00
2026-03-26T01:10:00;1.946.083,33
2026-03-26T01:15:00;1.952.500,00
2026-03-26T01:20:00;1.955.000,00
2026-03-26T01:25:00;1.945.000,00
2026-03-26T01:30:00;1.926.000,00
2026-03-26T01:35:00;1.920.833,33
2026-03-26T01:40:00;1.913.666,67
2026-03-26T01:45:00;1.898.666,67
2026-03-26T01:50:00;1.886.250,00
2026-03-26T01:55:00;1.902.166,67
2026-03-26T02:00:00;1.884.083,33
2026-03-26T02:05:00;1.880.333,33
2026-03-26T02:10:00;1.889.333,33
2026-03-26T02:15:00;1.873.083,33
2026-03-26T02:20:00;1.861.333,33
2026-03-26T02:25:00;1.864.416,67
2026-03-26T02:30:00;1.845.166,67
2026-03-26T02:35:00;1.847.750,00
2026-03-26T02:40:00;1.840.750,00
2026-03-26T02:45:00;1.834.083,33
2026-03-26T02:50:00;1.846.500,00
2026-03-26T02:55:00;1.849.333,33
2026-03-26T03:00:00;1.826.583,33
2026-03-26T03:05:00;1.823.666,67
2026-03-26T03:10:00;1.835.500,00
2026-03-26T03:15:00;1.840.666,67
2026-03-26T03:20:00;1.826.583,33
2026-03-26T03:25:00;1.819.083,33
2026-03-26T03:30:00;1.808.416,67
2026-03-26T03:35:00;1.819.666,67
2026-03-26T03:40:00;1.832.416,67
2026-03-26T03:45:00;1.813.833,33
2026-03-26T03:50:00;1.815.916,67
2026-03-26T03:55:00;1.813.833,33
2026-03-26T04:00:00;1.811.166,67
2026-03-26T04:05:00;1.820.000,00
2026-03-26T04:10:00;1.826.666,67
2026-03-26T04:15:00;1.810.916,67
2026-03-26T04:20:00;1.820.833,33
2026-03-26T04:25:00;1.824.166,67
2026-03-26T04:30:00;1.827.833,33
2026-03-26T04:35:00;1.823.666,67
2026-03-26T04:40:00;1.818.666,67
2026-03-26T04:45:00;1.845.416,67
2026-03-26T04:50:00;1.836.333,33
2026-03-26T04:55:00;1.853.583,33
2026-03-26T05:00:00;1.864.500,00
2026-03-26T05:05:00;1.874.250,00
2026-03-26T05:10:00;1.880.250,00
2026-03-26T05:15:00;1.869.583,33
2026-03-26T05:20:00;1.882.833,33
2026-03-26T05:25:00;1.871.083,33
2026-03-26T05:30:00;1.884.166,67
2026-03-26T05:35:00;1.880.916,67
2026-03-26T05:40:00;1.908.916,67
2026-03-26T05:45:00;1.906.166,67
2026-03-26T05:50:00;1.927.333,33
2026-03-26T05:55:00;1.941.250,00
2026-03-26T06:00:00;1.970.583,33
2026-03-26T06:05:00;2.019.833,33
2026-03-26T06:10:00;2.055.250,00
2026-03-26T06:15:00;2.080.750,00
2026-03-26T06:20:00;2.108.833,33
2026-03-26T06:25:00;2.111.166,67
2026-03-26T06:30:00;2.137.666,67
2026-03-26T06:35:00;2.173.500,00
2026-03-26T06:40:00;2.197.750,00
2026-03-26T06:45:00;2.211.250,00
2026-03-26T06:50:00;2.219.500,00
2026-03-26T06:55:00;2.245.750,00
2026-03-26T07:00:00;2.292.916,67
2026-03-26T07:05:00;2.347.250,00
2026-03-26T07:10:00;2.389.083,33
2026-03-26T07:15:00;2.400.250,00
2026-03-26T07:20:00;2.427.333,33
2026-03-26T07:25:00;2.456.000,00
2026-03-26T07:30:00;2.461.750,00
2026-03-26T07:35:00;2.481.500,00
2026-03-26T07:40:00;2.499.833,33
2026-03-26T07:45:00;2.494.916,67
2026-03-26T07:50:00;2.512.333,33
2026-03-26T07:55:00;2.527.916,67
2026-03-26T08:00:00;2.532.916,67
2026-03-26T08:05:00;2.589.750,00
2026-03-26T08:10:00;2.598.750,00
2026-03-26T08:15:00;2.641.583,33
2026-03-26T08:20:00;2.667.500,00
2026-03-26T08:25:00;2.674.250,00
2026-03-26T08:30:00;2.670.500,00
2026-03-26T08:35:00;2.684.750,00
2026-03-26T08:40:00;2.671.583,33
2026-03-26T08:45:00;2.658.500,00
2026-03-26T08:50:00;2.679.500,00
2026-03-26T08:55:00;2.701.416,67
2026-03-26T09:00:00;2.686.583,33
2026-03-26T09:05:00;2.709.083,33
2026-03-26T09:10:00;2.720.500,00
2026-03-26T09:15:00;2.734.500,00
2026-03-26T09:20:00;2.725.500,00
2026-03-26T09:25:00;2.738.000,00
2026-03-26T09:30:00;2.741.750,00
2026-03-26T09:35:00;2.757.583,33
2026-03-26T09:40:00;2.748.666,67
2026-03-26T09:45:00;2.744.416,67
2026-03-26T09:50:00;2.738.916,67
2026-03-26T09:55:00;2.752.750,00
2026-03-26T10:00:00;2.749.000,00
2026-03-26T10:05:00;2.731.166,67
2026-03-26T10:10:00;2.719.166,67
2026-03-26T10:15:00;2.696.416,67
2026-03-26T10:20:00;2.712.416,67
2026-03-26T10:25:00;2.703.666,67
2026-03-26T10:30:00;2.683.250,00
2026-03-26T10:35:00;2.690.166,67
2026-03-26T10:40:00;2.690.916,67
2026-03-26T10:45:00;2.674.166,67
2026-03-26T10:50:00;2.681.666,67
2026-03-26T10:55:00;2.667.000,00
2026-03-26T11:00:00;2.669.666,67
2026-03-26T11:05:00;2.664.166,67
2026-03-26T11:10:00;2.669.416,67
2026-03-26T11:15:00;2.657.166,67
2026-03-26T11:20:00;2.649.916,67
2026-03-26T11:25:00;2.641.083,33
2026-03-26T11:30:00;2.632.083,33
2026-03-26T11:35:00;2.624.416,67
2026-03-26T11:40:00;2.626.333,33
2026-03-26T11:45:00;2.630.333,33
2026-03-26T11:50:00;2.627.500,00
2026-03-26T11:55:00;2.620.166,67
2026-03-26T12:00:00;2.627.250,00
2026-03-26T12:05:00;2.612.833,33
2026-03-26T12:10:00;2.612.416,67
2026-03-26T12:15:00;2.626.166,67
2026-03-26T12:20:00;2.606.333,33
2026-03-26T12:25:00;2.599.500,00
2026-03-26T12:30:00;2.611.083,33
2026-03-26T12:35:00;2.611.166,67
2026-03-26T12:40:00;2.621.916,67
2026-03-26T12:45:00;2.621.416,67
2026-03-26T12:50:00;2.621.666,67
2026-03-26T12:55:00;2.619.250,00
2026-03-26T13:00:00;2.640.416,67
2026-03-26T13:05:00;2.661.833,33
2026-03-26T13:10:00;2.639.333,33
2026-03-26T13:15:00;2.630.416,67
2026-03-26T13:20:00;2.639.500,00
2026-03-26T13:25:00;2.642.333,33
2026-03-26T13:30:00;2.642.916,67
2026-03-26T13:35:00;2.642.500,00
2026-03-26T13:40:00;2.634.666,67
2026-03-26T13:45:00;2.618.250,00
2026-03-26T13:50:00;2.623.916,67
2026-03-26T13:55:00;2.615.083,33
2026-03-26T14:00:00;2.598.500,00
2026-03-26T14:05:00;2.612.000,00
2026-03-26T14:10:00;2.615.250,00
2026-03-26T14:15:00;2.629.666,67
2026-03-26T14:20:00;2.635.083,33
2026-03-26T14:25:00;2.619.916,67
2026-03-26T14:30:00;2.631.250,00
2026-03-26T14:35:00;2.628.916,67
2026-03-26T14:40:00;2.609.500,00
2026-03-26T14:45:00;2.619.166,67
2026-03-26T14:50:00;2.618.333,33
2026-03-26T14:55:00;2.609.500,00
2026-03-26T15:00:00;2.596.333,33
2026-03-26T15:05:00;2.601.000,00
2026-03-26T15:10:00;2.598.000,00
2026-03-26T15:15:00;2.607.083,33
2026-03-26T15:20:00;2.608.583,33
2026-03-26T15:25:00;2.588.916,67
2026-03-26T15:30:00;2.598.416,67
2026-03-26T15:35:00;2.608.250,00
2026-03-26T15:40:00;2.619.333,33
2026-03-26T15:45:00;2.595.750,00
2026-03-26T15:50:00;2.604.833,33
2026-03-26T15:55:00;2.610.916,67
2026-03-26T16:00:00;2.600.666,67
2026-03-26T16:05:00;2.600.250,00
2026-03-26T16:10:00;2.590.500,00
2026-03-26T16:15:00;2.591.166,67
2026-03-26T16:20:00;2.604.250,00
2026-03-26T16:25:00;2.616.500,00
2026-03-26T16:30:00;2.621.750,00
2026-03-26T16:35:00;2.628.333,33
2026-03-26T16:40:00;2.633.083,33
2026-03-26T16:45:00;2.633.333,33
2026-03-26T16:50:00;2.621.666,67
2026-03-26T16:55:00;2.635.166,67
2026-03-26T17:00:00;2.639.666,67
2026-03-26T17:05:00;2.634.166,67
2026-03-26T17:10:00;2.637.333,33
2026-03-26T17:15:00;2.657.000,00
2026-03-26T17:20:00;2.645.333,33
2026-03-26T17:25:00;2.640.250,00
2026-03-26T17:30:00;2.657.000,00
2026-03-26T17:35:00;2.647.833,33
2026-03-26T17:40:00;2.642.916,67
2026-03-26T17:45:00;2.635.583,33
2026-03-26T17:50:00;2.646.166,67
2026-03-26T17:55:00;2.619.666,67
2026-03-26T18:00:00;2.609.833,33
2026-03-26T18:05:00;2.594.833,33
2026-03-26T18:10:00;2.589.916,67
2026-03-26T18:15:00;2.585.583,33
2026-03-26T18:20:00;2.591.333,33
2026-03-26T18:25:00;2.594.750,00
2026-03-26T18:30:00;2.570.333,33
2026-03-26T18:35:00;2.585.250,00
2026-03-26T18:40:00;2.590.166,67
2026-03-26T18:45:00;2.586.750,00
2026-03-26T18:50:00;2.587.250,00
2026-03-26T18:55:00;2.576.416,67
2026-03-26T19:00:00;2.565.083,33
2026-03-26T19:05:00;2.588.166,67
2026-03-26T19:10:00;2.576.250,00
2026-03-26T19:15:00;2.569.083,33
2026-03-26T19:20:00;2.611.250,00
2026-03-26T19:25:00;2.622.750,00
2026-03-26T19:30:00;2.638.666,67
2026-03-26T19:35:00;2.670.083,33
2026-03-26T19:40:00;2.692.000,00
2026-03-26T19:45:00;2.726.666,67
2026-03-26T19:50:00;2.728.750,00
2026-03-26T19:55:00;2.770.916,67
2026-03-26T20:00:00;2.762.333,33
2026-03-26T20:05:00;2.776.916,67
2026-03-26T20:10:00;2.790.916,67
2026-03-26T20:15:00;2.789.833,33
2026-03-26T20:20:00;2.823.833,33
2026-03-26T20:25:00;2.841.166,67
2026-03-26T20:30:00;2.831.166,67
2026-03-26T20:35:00;2.840.666,67
2026-03-26T20:40:00;2.857.916,67
2026-03-26T20:45:00;2.858.833,33
2026-03-26T20:50:00;2.841.666,67
2026-03-26T20:55:00;2.844.333,33
2026-03-26T21:00:00;2.827.500,00
2026-03-26T21:05:00;2.813.166,67
2026-03-26T21:10:00;2.804.833,33
2026-03-26T21:15:00;2.816.916,67
2026-03-26T21:20:00;2.800.416,67
2026-03-26T21:25:00;2.802.166,67
2026-03-26T21:30:00;2.774.666,67
2026-03-26T21:35:00;2.763.500,00
2026-03-26T21:40:00;2.737.250,00
2026-03-26T21:45:00;2.695.416,67
2026-03-26T21:50:00;2.664.333,33
2026-03-26T21:55:00;2.643.416,67
2026-03-26T22:00:00;2.619.583,33
2026-03-26T22:05:00;2.600.083,33
2026-03-26T22:10:00;2.572.500,00
2026-03-26T22:15:00;2.559.666,67
2026-03-26T22:20:00;2.543.833,33
2026-03-26T22:25:00;2.552.750,00
2026-03-26T22:30:00;2.529.833,33
2026-03-26T22:35:00;2.495.666,67
2026-03-26T22:40:00;2.486.833,33
2026-03-26T22:45:00;2.454.666,67
2026-03-26T22:50:00;2.427.250,00
2026-03-26T22:55:00;2.422.666,67
2026-03-26T23:00:00;2.390.416,67
2026-03-26T23:05:00;2.351.833,33
2026-03-26T23:10:00;2.333.250,00
2026-03-26T23:15:00;2.304.166,67
2026-03-26T23:20:00;2.306.916,67
2026-03-26T23:25:00;2.279.250,00
2026-03-26T23:30:00;2.260.833,33
2026-03-26T23:35:00;2.239.833,33
2026-03-26T23:40:00;2.234.750,00
2026-03-26T23:45:00;2.205.166,67
2026-03-26T23:50:00;2.168.416,67
2026-03-26T23:55:00;2.160.166,67
2026-03-27T00:00:00;2.135.583,33
2026-03-27T00:05:00;2.160.833,33
2026-03-27T00:10:00;2.168.583,33
2026-03-27T00:15:00;2.154.000,00
2026-03-27T00:20:00;2.141.083,33
2026-03-27T00:25:00;2.123.250,00
2026-03-27T00:30:00;2.117.500,00
2026-03-27T00:35:00;2.094.833,33
2026-03-27T00:40:00;2.087.333,33
2026-03-27T00:45:00;2.066.416,67
2026-03-27T00:50:00;2.044.250,00
2026-03-27T00:55:00;2.027.166,67
2026-03-27T01:00:00;2.020.500,00
2026-03-27T01:05:00;2.033.916,67
2026-03-27T01:10:00;2.024.166,67
2026-03-27T01:15:00;2.009.416,67
2026-03-27T01:20:00;2.020.750,00
2026-03-27T01:25:00;2.000.916,67
2026-03-27T01:30:00;1.992.333,33
2026-03-27T01:35:00;1.977.250,00
2026-03-27T01:40:00;1.946.000,00
2026-03-27T01:45:00;1.965.833,33
2026-03-27T01:50:00;1.959.833,33
2026-03-27T01:55:00;1.946.583,33
2026-03-27T02:00:00;1.926.750,00
2026-03-27T02:05:00;1.925.583,33
2026-03-27T02:10:00;1.928.916,67
2026-03-27T02:15:00;1.926.083,33
2026-03-27T02:20:00;1.910.916,67
2026-03-27T02:25:00;1.904.166,67
2026-03-27T02:30:00;1.905.166,67
2026-03-27T02:35:00;1.901.166,67
2026-03-27T02:40:00;1.909.083,33
2026-03-27T02:45:00;1.909.916,67
2026-03-27T02:50:00;1.902.500,00
2026-03-27T02:55:00;1.889.666,67
2026-03-27T03:00:00;1.874.583,33
2026-03-27T03:05:00;1.875.083,33
2026-03-27T03:10:00;1.889.500,00
2026-03-27T03:15:00;1.885.916,67
2026-03-27T03:20:00;1.876.166,67
2026-03-27T03:25:00;1.880.750,00
2026-03-27T03:30:00;1.873.500,00
2026-03-27T03:35:00;1.883.000,00
2026-03-27T03:40:00;1.876.833,33
2026-03-27T03:45:00;1.888.833,33
2026-03-27T03:50:00;1.857.416,67
2026-03-27T03:55:00;1.851.416,67
2026-03-27T04:00:00;1.853.833,33
2026-03-27T04:05:00;1.873.666,67
2026-03-27T04:10:00;1.874.750,00
2026-03-27T04:15:00;1.880.000,00
2026-03-27T04:20:00;1.883.333,33
2026-03-27T04:25:00;1.875.250,00
2026-03-27T04:30:00;1.886.250,00
2026-03-27T04:35:00;1.889.583,33
2026-03-27T04:40:00;1.880.166,67
2026-03-27T04:45:00;1.870.416,67
2026-03-27T04:50:00;1.868.000,00
2026-03-27T04:55:00;1.890.916,67
2026-03-27T05:00:00;1.901.833,33
2026-03-27T05:05:00;1.927.500,00
2026-03-27T05:10:00;1.919.583,33
2026-03-27T05:15:00;1.933.416,67
2026-03-27T05:20:00;1.951.416,67
2026-03-27T05:25:00;1.945.583,33
2026-03-27T05:30:00;1.936.750,00
2026-03-27T05:35:00;1.938.000,00
2026-03-27T05:40:00;1.948.833,33
2026-03-27T05:45:00;1.965.750,00
2026-03-27T05:50:00;1.977.416,67
2026-03-27T05:55:00;2.002.750,00
2026-03-27T06:00:00;2.031.750,00
2026-03-27T06:05:00;2.077.750,00
2026-03-27T06:10:00;2.115.250,00
2026-03-27T06:15:00;2.115.833,33
2026-03-27T06:20:00;2.154.750,00
2026-03-27T06:25:00;2.172.083,33
2026-03-27T06:30:00;2.174.250,00
2026-03-27T06:35:00;2.211.333,33
2026-03-27T06:40:00;2.244.166,67
2026-03-27T06:45:00;2.253.583,33
2026-03-27T06:50:00;2.264.666,67
2026-03-27T06:55:00;2.287.000,00
2026-03-27T07:00:00;2.304.750,00
2026-03-27T07:05:00;2.378.583,33
2026-03-27T07:10:00;2.396.166,67
2026-03-27T07:15:00;2.411.083,33
2026-03-27T07:20:00;2.429.750,00
2026-03-27T07:25:00;2.457.833,33
2026-03-27T07:30:00;2.481.916,67
2026-03-27T07:35:00;2.496.416,67
2026-03-27T07:40:00;2.534.833,33
2026-03-27T07:45:00;2.551.583,33
2026-03-27T07:50:00;2.575.750,00
2026-03-27T07:55:00;2.596.916,67
2026-03-27T08:00:00;2.599.500,00
2026-03-27T08:05:00;2.638.916,67
2026-03-27T08:10:00;2.665.666,67
2026-03-27T08:15:00;2.685.083,33
2026-03-27T08:20:00;2.711.666,67
2026-03-27T08:25:00;2.725.916,67
2026-03-27T08:30:00;2.735.916,67
2026-03-27T08:35:00;2.755.500,00
2026-03-27T08:40:00;2.745.750,00
2026-03-27T08:45:00;2.721.250,00
2026-03-27T08:50:00;2.728.916,67
2026-03-27T08:55:00;2.740.583,33
2026-03-27T09:00:00;2.752.500,00
2026-03-27T09:05:00;2.757.000,00
2026-03-27T09:10:00;2.771.416,67
2026-03-27T09:15:00;2.799.166,67
2026-03-27T09:20:00;2.786.916,67
2026-03-27T09:25:00;2.815.166,67
2026-03-27T09:30:00;2.800.166,67
2026-03-27T09:35:00;2.804.833,33
2026-03-27T09:40:00;2.800.166,67
2026-03-27T09:45:00;2.779.416,67
2026-03-27T09:50:00;2.779.166,67
2026-03-27T09:55:00;2.776.166,67
2026-03-27T10:00:00;2.768.083,33
2026-03-27T10:05:00;2.762.500,00
2026-03-27T10:10:00;2.779.166,67
2026-03-27T10:15:00;2.773.250,00
2026-03-27T10:20:00;2.756.500,00
2026-03-27T10:25:00;2.753.666,67
2026-03-27T10:30:00;2.746.083,33
2026-03-27T10:35:00;2.731.750,00
2026-03-27T10:40:00;2.742.500,00
2026-03-27T10:45:00;2.730.166,67
2026-03-27T10:50:00;2.729.000,00
2026-03-27T10:55:00;2.713.583,33
2026-03-27T11:00:00;2.698.750,00
2026-03-27T11:05:00;2.701.833,33
2026-03-27T11:10:00;2.701.500,00
2026-03-27T11:15:00;2.701.333,33
2026-03-27T11:20:00;2.685.583,33
2026-03-27T11:25:00;2.684.333,33
2026-03-27T11:30:00;2.682.583,33
2026-03-27T11:35:00;2.687.333,33
2026-03-27T11:40:00;2.683.916,67
2026-03-27T11:45:00;2.673.916,67
2026-03-27T11:50:00;2.661.416,67
2026-03-27T11:55:00;2.655.833,33
2026-03-27T12:00:00;2.662.666,67
2026-03-27T12:05:00;2.658.916,67
2026-03-27T12:10:00;2.657.916,67
2026-03-27T12:15:00;2.651.500,00
2026-03-27T12:20:00;2.656.416,67
2026-03-27T12:25:00;2.654.250,00
2026-03-27T12:30:00;2.672.166,67
2026-03-27T12:35:00;2.667.833,33
2026-03-27T12:40:00;2.667.833,33
2026-03-27T12:45:00;2.658.416,67
2026-03-27T12:50:00;2.659.166,67
2026-03-27T12:55:00;2.669.333,33
2026-03-27T13:00:00;2.668.250,00
2026-03-27T13:05:00;2.675.583,33
2026-03-27T13:10:00;2.683.750,00
2026-03-27T13:15:00;2.674.916,67
2026-03-27T13:20:00;2.672.833,33
2026-03-27T13:25:00;2.682.500,00
2026-03-27T13:30:00;2.675.083,33
2026-03-27T13:35:00;2.673.250,00
2026-03-27T13:40:00;2.668.916,67
2026-03-27T13:45:00;2.650.083,33
2026-03-27T13:50:00;2.650.583,33
2026-03-27T13:55:00;2.653.333,33
2026-03-27T14:00:00;2.652.083,33
2026-03-27T14:05:00;2.645.416,67
2026-03-27T14:10:00;2.647.666,67
2026-03-27T14:15:00;2.668.416,67
2026-03-27T14:20:00;2.680.916,67
2026-03-27T14:25:00;2.678.083,33
2026-03-27T14:30:00;2.663.166,67
2026-03-27T14:35:00;2.657.750,00
2026-03-27T14:40:00;2.628.333,33
2026-03-27T14:45:00;2.629.000,00
2026-03-27T14:50:00;2.623.500,00
2026-03-27T14:55:00;2.602.250,00
2026-03-27T15:00:00;2.606.833,33
2026-03-27T15:05:00;2.601.083,33
2026-03-27T15:10:00;2.587.833,33
2026-03-27T15:15:00;2.580.833,33
2026-03-27T15:20:00;2.582.416,67
2026-03-27T15:25:00;2.581.416,67
2026-03-27T15:30:00;2.574.083,33
2026-03-27T15:35:00;2.573.500,00
2026-03-27T15:40:00;2.572.166,67
2026-03-27T15:45:00;2.569.166,67
2026-03-27T15:50:00;2.582.500,00
2026-03-27T15:55:00;2.560.000,00
2026-03-27T16:00:00;2.578.333,33
2026-03-27T16:05:00;2.579.666,67
2026-03-27T16:10:00;2.575.666,67
2026-03-27T16:15:00;2.555.250,00
2026-03-27T16:20:00;2.571.500,00
2026-03-27T16:25:00;2.580.250,00
2026-03-27T16:30:00;2.583.833,33
2026-03-27T16:35:00;2.595.916,67
2026-03-27T16:40:00;2.582.833,33
2026-03-27T16:45:00;2.583.500,00
2026-03-27T16:50:00;2.593.666,67
2026-03-27T16:55:00;2.590.250,00
2026-03-27T17:00:00;2.587.250,00
2026-03-27T17:05:00;2.607.666,67
2026-03-27T17:10:00;2.614.333,33
2026-03-27T17:15:00;2.616.416,67
2026-03-27T17:20:00;2.633.000,00
2026-03-27T17:25:00;2.617.833,33
2026-03-27T17:30:00;2.608.166,67
2026-03-27T17:35:00;2.607.416,67
2026-03-27T17:40:00;2.616.750,00
2026-03-27T17:45:00;2.602.333,33
2026-03-27T17:50:00;2.595.250,00
2026-03-27T17:55:00;2.585.250,00
2026-03-27T18:00:00;2.573.666,67
2026-03-27T18:05:00;2.567.916,67
2026-03-27T18:10:00;2.563.666,67
2026-03-27T18:15:00;2.567.250,00
2026-03-27T18:20:00;2.565.916,67
2026-03-27T18:25:00;2.554.333,33
2026-03-27T18:30:00;2.546.250,00
2026-03-27T18:35:00;2.560.583,33
2026-03-27T18:40:00;2.557.500,00
2026-03-27T18:45:00;2.534.000,00
2026-03-27T18:50:00;2.526.250,00
2026-03-27T18:55:00;2.539.416,67
2026-03-27T19:00:00;2.544.500,00
2026-03-27T19:05:00;2.535.333,33
2026-03-27T19:10:00;2.559.916,67
2026-03-27T19:15:00;2.558.416,67
2026-03-27T19:20:00;2.565.666,67
2026-03-27T19:25:00;2.583.750,00
2026-03-27T19:30:00;2.588.666,67
2026-03-27T19:35:00;2.616.750,00
2026-03-27T19:40:00;2.641.583,33
2026-03-27T19:45:00;2.650.666,67
2026-03-27T19:50:00;2.649.500,00
2026-03-27T19:55:00;2.677.083,33
2026-03-27T20:00:00;2.677.500,00
2026-03-27T20:05:00;2.700.583,33
2026-03-27T20:10:00;2.701.083,33
2026-03-27T20:15:00;2.721.416,67
2026-03-27T20:20:00;2.711.416,67
2026-03-27T20:25:00;2.724.416,67
2026-03-27T20:30:00;2.727.166,67
2026-03-27T20:35:00;2.744.333,33
2026-03-27T20:40:00;2.757.333,33
2026-03-27T20:45:00;2.769.333,33
2026-03-27T20:50:00;2.750.500,00
2026-03-27T20:55:00;2.747.333,33
2026-03-27T21:00:00;2.716.666,67
2026-03-27T21:05:00;2.719.166,67
2026-03-27T21:10:00;2.723.000,00
2026-03-27T21:15:00;2.704.666,67
2026-03-27T21:20:00;2.675.750,00
2026-03-27T21:25:00;2.682.583,33
2026-03-27T21:30:00;2.650.750,00
2026-03-27T21:35:00;2.649.583,33
2026-03-27T21:40:00;2.634.333,33
2026-03-27T21:45:00;2.598.500,00
2026-03-27T21:50:00;2.571.333,33
2026-03-27T21:55:00;2.568.666,67
2026-03-27T22:00:00;2.544.000,00
2026-03-27T22:05:00;2.536.416,67
2026-03-27T22:10:00;2.518.916,67
2026-03-27T22:15:00;2.470.250,00
2026-03-27T22:20:00;2.475.000,00
2026-03-27T22:25:00;2.460.833,33
2026-03-27T22:30:00;2.455.916,67
2026-03-27T22:35:00;2.428.083,33
2026-03-27T22:40:00;2.415.583,33
2026-03-27T22:45:00;2.406.833,33
2026-03-27T22:50:00;2.385.000,00
2026-03-27T22:55:00;2.357.000,00
2026-03-27T23:00:00;2.333.583,33
2026-03-27T23:05:00;2.313.666,67
2026-03-27T23:10:00;2.301.416,67
2026-03-27T23:15:00;2.280.916,67
2026-03-27T23:20:00;2.271.083,33
2026-03-27T23:25:00;2.256.250,00
2026-03-27T23:30:00;2.218.416,67
2026-03-27T23:35:00;2.209.500,00
2026-03-27T23:40:00;2.200.750,00
2026-03-27T23:45:00;2.194.833,33
2026-03-27T23:50:00;2.165.666,67
2026-03-27T23:55:00;2.146.666,67
2026-03-28T00:00:00;2.147.750,00
2026-03-28T00:05:00;2.140.166,67
2026-03-28T00:10:00;2.134.583,33
2026-03-28T00:15:00;2.116.166,67
2026-03-28T00:20:00;2.121.333,33
2026-03-28T00:25:00;2.113.500,00
2026-03-28T00:30:00;2.098.750,00
2026-03-28T00:35:00;2.066.500,00
2026-03-28T00:40:00;2.064.666,67
2026-03-28T00:45:00;2.055.666,67
2026-03-28T00:50:00;2.046.166,67
2026-03-28T00:55:00;2.037.250,00
2026-03-28T03:00:00;1.828.333,33
2026-03-28T03:05:00;1.797.833,33
2026-03-28T03:10:00;1.803.416,67
2026-03-28T03:15:00;1.790.083,33
2026-03-28T03:20:00;1.799.583,33
2026-03-28T03:25:00;1.790.250,00
2026-03-28T03:30:00;1.780.083,33
2026-03-28T03:35:00;1.790.000,00
2026-03-28T03:40:00;1.796.333,33
2026-03-28T03:45:00;1.777.250,00
2026-03-28T03:50:00;1.758.083,33
2026-03-28T03:55:00;1.754.000,00
2026-03-28T04:00:00;1.756.083,33
2026-03-28T04:05:00;1.766.833,33
2026-03-28T04:10:00;1.770.666,67
2026-03-28T04:15:00;1.773.750,00
2026-03-28T04:20:00;1.771.500,00
2026-03-28T04:25:00;1.783.666,67
2026-03-28T04:30:00;1.773.083,33
2026-03-28T04:35:00;1.762.333,33
2026-03-28T04:40:00;1.765.083,33
2026-03-28T04:45:00;1.762.666,67
2026-03-28T04:50:00;1.770.750,00
2026-03-28T04:55:00;1.754.666,67
2026-03-28T05:00:00;1.752.250,00
2026-03-28T05:05:00;1.759.166,67
2026-03-28T05:10:00;1.762.166,67
2026-03-28T05:15:00;1.780.500,00
2026-03-28T05:20:00;1.783.583,33
2026-03-28T05:25:00;1.780.666,67
2026-03-28T05:30:00;1.761.416,67
2026-03-28T05:35:00;1.767.916,67
2026-03-28T05:40:00;1.774.750,00
2026-03-28T05:45:00;1.767.666,67
2026-03-28T05:50:00;1.758.166,67
2026-03-28T05:55:00;1.758.750,00
2026-03-28T06:00:00;1.779.250,00
2026-03-28T06:05:00;1.798.750,00
2026-03-28T06:10:00;1.807.083,33
2026-03-28T06:15:00;1.830.750,00
2026-03-28T06:20:00;1.826.666,67
2026-03-28T06:25:00;1.833.750,00
2026-03-28T06:30:00;1.834.166,67
2026-03-28T06:35:00;1.854.666,67
2026-03-28T06:40:00;1.854.000,00
2026-03-28T06:45:00;1.854.166,67
2026-03-28T06:50:00;1.862.500,00
2026-03-28T06:55:00;1.859.166,67
2026-03-28T07:00:00;1.870.583,33
2026-03-28T07:05:00;1.894.500,00
2026-03-28T07:10:00;1.890.416,67
2026-03-28T07:15:00;1.895.916,67
2026-03-28T07:20:00;1.890.666,67
2026-03-28T07:25:00;1.906.250,00
2026-03-28T07:30:00;1.907.833,33
2026-03-28T07:35:00;1.933.583,33
2026-03-28T07:40:00;1.942.166,67
2026-03-28T07:45:00;1.966.666,67
2026-03-28T07:50:00;1.954.583,33
2026-03-28T07:55:00;1.968.750,00
2026-03-28T08:00:00;2.003.000,00
2026-03-28T08:05:00;2.032.000,00
2026-03-28T08:10:00;2.052.333,33
2026-03-28T08:15:00;2.084.250,00
2026-03-28T08:20:00;2.100.916,67
2026-03-28T08:25:00;2.143.916,67
2026-03-28T08:30:00;2.164.916,67
2026-03-28T08:35:00;2.182.416,67
2026-03-28T08:40:00;2.186.083,33
2026-03-28T08:45:00;2.220.833,33
2026-03-28T08:50:00;2.223.916,67
2026-03-28T08:55:00;2.265.583,33
2026-03-28T09:00:00;2.270.250,00
2026-03-28T09:05:00;2.289.000,00
2026-03-28T09:10:00;2.294.166,67
2026-03-28T09:15:00;2.336.916,67
2026-03-28T09:20:00;2.363.083,33
2026-03-28T09:25:00;2.375.000,00
2026-03-28T09:30:00;2.385.416,67
2026-03-28T09:35:00;2.352.750,00
2026-03-28T09:40:00;2.367.500,00
2026-03-28T09:45:00;2.392.333,33
2026-03-28T09:50:00;2.393.250,00
2026-03-28T09:55:00;2.393.500,00
2026-03-28T10:00:00;2.396.500,00
2026-03-28T10:05:00;2.401.500,00
2026-03-28T10:10:00;2.411.250,00
2026-03-28T10:15:00;2.410.583,33
2026-03-28T10:20:00;2.408.250,00
2026-03-28T10:25:00;2.411.500,00
2026-03-28T10:30:00;2.427.833,33
2026-03-28T10:35:00;2.424.000,00
2026-03-28T10:40:00;2.401.416,67
2026-03-28T10:45:00;2.403.583,33
2026-03-28T10:50:00;2.394.666,67
2026-03-28T10:55:00;2.400.583,33
2026-03-28T11:00:00;2.392.583,33
2026-03-28T11:05:00;2.370.500,00
2026-03-28T11:10:00;2.398.916,67
2026-03-28T11:15:00;2.405.000,00
2026-03-28T11:20:00;2.377.166,67
2026-03-28T11:25:00;2.376.916,67
2026-03-28T11:30:00;2.372.166,67
2026-03-28T11:35:00;2.362.833,33
2026-03-28T11:40:00;2.371.250,00
2026-03-28T11:45:00;2.361.666,67
2026-03-28T11:50:00;2.332.083,33
2026-03-28T11:55:00;2.312.500,00
2026-03-28T12:00:00;2.339.250,00
2026-03-28T12:05:00;2.346.333,33
2026-03-28T12:10:00;2.355.166,67
2026-03-28T12:15:00;2.342.250,00
2026-03-28T12:20:00;2.326.416,67
2026-03-28T12:25:00;2.331.750,00
2026-03-28T12:30:00;2.346.250,00
2026-03-28T12:35:00;2.335.583,33
2026-03-28T12:40:00;2.337.916,67
2026-03-28T12:45:00;2.323.583,33
2026-03-28T12:50:00;2.338.333,33
2026-03-28T12:55:00;2.338.916,67
2026-03-28T13:00:00;2.352.916,67
2026-03-28T13:05:00;2.339.500,00
2026-03-28T13:10:00;2.343.250,00
2026-03-28T13:15:00;2.348.666,67
2026-03-28T13:20:00;2.331.833,33
2026-03-28T13:25:00;2.353.916,67
2026-03-28T13:30:00;2.361.500,00
2026-03-28T13:35:00;2.356.333,33
2026-03-28T13:40:00;2.363.833,33
2026-03-28T13:45:00;2.366.416,67
2026-03-28T13:50:00;2.351.916,67
2026-03-28T13:55:00;2.350.750,00
2026-03-28T14:00:00;2.361.416,67
2026-03-28T14:05:00;2.357.500,00
2026-03-28T14:10:00;2.375.333,33
2026-03-28T14:15:00;2.353.916,67
2026-03-28T14:20:00;2.367.333,33
2026-03-28T14:25:00;2.339.333,33
2026-03-28T14:30:00;2.350.333,33
2026-03-28T14:35:00;2.338.833,33
2026-03-28T14:40:00;2.322.833,33
2026-03-28T14:45:00;2.319.250,00
2026-03-28T14:50:00;2.319.083,33
2026-03-28T14:55:00;2.314.916,67
2026-03-28T15:00:00;2.317.833,33
2026-03-28T15:05:00;2.314.083,33
2026-03-28T15:10:00;2.286.750,00
2026-03-28T15:15:00;2.295.916,67
2026-03-28T15:20:00;2.290.250,00
2026-03-28T15:25:00;2.264.166,67
2026-03-28T15:30:00;2.265.583,33
2026-03-28T15:35:00;2.250.083,33
2026-03-28T15:40:00;2.255.083,33
2026-03-28T15:45:00;2.269.666,67
2026-03-28T15:50:00;2.271.333,33
2026-03-28T15:55:00;2.265.833,33
2026-03-28T16:00:00;2.277.333,33
2026-03-28T16:05:00;2.273.500,00
2026-03-28T16:10:00;2.285.166,67
2026-03-28T16:15:00;2.270.083,33
2026-03-28T16:20:00;2.278.250,00
2026-03-28T16:25:00;2.272.833,33
2026-03-28T16:30:00;2.256.666,67
2026-03-28T16:35:00;2.251.833,33
2026-03-28T16:40:00;2.247.583,33
2026-03-28T16:45:00;2.260.000,00
2026-03-28T16:50:00;2.258.083,33
2026-03-28T16:55:00;2.249.416,67
2026-03-28T17:00:00;2.263.083,33
2026-03-28T17:05:00;2.253.250,00
2026-03-28T17:10:00;2.265.583,33
2026-03-28T17:15:00;2.265.416,67
2026-03-28T17:20:00;2.272.416,67
2026-03-28T17:25:00;2.261.500,00
2026-03-28T17:30:00;2.252.333,33
2026-03-28T17:35:00;2.240.583,33
2026-03-28T17:40:00;2.252.083,33
2026-03-28T17:45:00;2.252.000,00
2026-03-28T17:50:00;2.251.416,67
2026-03-28T17:55:00;2.238.833,33
2026-03-28T18:00:00;2.223.083,33
2026-03-28T18:05:00;2.254.166,67
2026-03-28T18:10:00;2.247.833,33
2026-03-28T18:15:00;2.237.583,33
2026-03-28T18:20:00;2.252.166,67
2026-03-28T18:25:00;2.225.500,00
2026-03-28T18:30:00;2.207.250,00
2026-03-28T18:35:00;2.201.750,00
2026-03-28T18:40:00;2.210.666,67
2026-03-28T18:45:00;2.195.500,00
2026-03-28T18:50:00;2.206.416,67
2026-03-28T18:55:00;2.200.916,67
2026-03-28T19:00:00;2.186.500,00
2026-03-28T19:05:00;2.184.083,33
2026-03-28T19:10:00;2.185.916,67
2026-03-28T19:15:00;2.201.916,67
2026-03-28T19:20:00;2.229.833,33
2026-03-28T19:25:00;2.250.583,33
2026-03-28T19:30:00;2.251.000,00
2026-03-28T19:35:00;2.274.916,67
2026-03-28T19:40:00;2.292.833,33
2026-03-28T19:45:00;2.306.083,33
2026-03-28T19:50:00;2.323.833,33
2026-03-28T19:55:00;2.346.583,33
2026-03-28T20:00:00;2.355.333,33
2026-03-28T20:05:00;2.359.500,00
2026-03-28T20:10:00;2.367.333,33
2026-03-28T20:15:00;2.384.666,67
2026-03-28T20:20:00;2.377.250,00
2026-03-28T20:25:00;2.399.666,67
2026-03-28T20:30:00;2.377.083,33
2026-03-28T20:35:00;2.406.000,00
2026-03-28T20:40:00;2.405.250,00
2026-03-28T20:45:00;2.410.083,33
2026-03-28T20:50:00;2.422.083,33
2026-03-28T20:55:00;2.408.250,00
2026-03-28T21:00:00;2.383.833,33
2026-03-28T21:05:00;2.405.166,67
2026-03-28T21:10:00;2.413.250,00
2026-03-28T21:15:00;2.436.083,33
2026-03-28T21:20:00;2.431.666,67
2026-03-28T21:25:00;2.412.166,67
2026-03-28T21:30:00;2.385.916,67
2026-03-28T21:35:00;2.390.500,00
2026-03-28T21:40:00;2.384.583,33
2026-03-28T21:45:00;2.370.333,33
2026-03-28T21:50:00;2.343.416,67
2026-03-28T21:55:00;2.316.666,67
2026-03-28T22:00:00;2.319.666,67
2026-03-28T22:05:00;2.306.583,33
2026-03-28T22:10:00;2.295.416,67
2026-03-28T22:15:00;2.268.000,00
2026-03-28T22:20:00;2.267.000,00
2026-03-28T22:25:00;2.252.666,67
2026-03-28T22:30:00;2.241.583,33
2026-03-28T22:35:00;2.221.666,67
2026-03-28T22:40:00;2.189.250,00
2026-03-28T22:45:00;2.185.833,33
2026-03-28T22:50:00;2.186.000,00
2026-03-28T22:55:00;2.168.833,33
2026-03-28T23:00:00;2.171.916,67
2026-03-28T23:05:00;2.132.750,00
2026-03-28T23:10:00;2.118.250,00
2026-03-28T23:15:00;2.098.583,33
2026-03-28T23:20:00;2.083.583,33
2026-03-28T23:25:00;2.067.416,67
2026-03-28T23:30:00;2.054.000,00
2026-03-28T23:35:00;2.050.750,00
2026-03-28T23:40:00;2.040.166,67
2026-03-28T23:45:00;2.012.416,67
2026-03-28T23:50:00;2.005.666,67
2026-03-28T23:55:00;1.991.583,33
2026-03-29T00:00:00;1.986.083,33
2026-03-29T00:05:00;1.997.500,00
2026-03-29T00:10:00;1.984.583,33
2026-03-29T00:15:00;1.975.416,67
2026-03-29T00:20:00;1.944.583,33
2026-03-29T00:25:00;1.926.250,00
2026-03-29T00:30:00;1.944.333,33
2026-03-29T00:35:00;1.916.666,67
2026-03-29T00:40:00;1.906.416,67
2026-03-29T00:45:00;1.870.416,67
2026-03-29T00:50:00;1.870.083,33
2026-03-29T00:55:00;1.869.833,33
2026-03-29T01:00:00;1.864.833,33
2026-03-29T01:05:00;1.843.750,00
2026-03-29T01:10:00;1.817.083,33
2026-03-29T01:15:00;1.822.500,00
2026-03-29T01:20:00;1.797.333,33
2026-03-29T01:25:00;1.796.333,33
2026-03-29T01:30:00;1.786.833,33
2026-03-29T01:35:00;1.788.416,67
2026-03-29T01:40:00;1.786.833,33
2026-03-29T01:45:00;1.768.166,67
2026-03-29T01:50:00;1.759.166,67
2026-03-29T01:55:00;1.743.583,33
2026-03-29T03:00:00;1.743.500,00
2026-03-29T03:05:00;1.730.083,33
2026-03-29T03:10:00;1.735.250,00
2026-03-29T03:15:00;1.737.416,67
2026-03-29T03:20:00;1.729.583,33
2026-03-29T03:25:00;1.705.666,67
2026-03-29T03:30:00;1.709.083,33
2026-03-29T03:35:00;1.690.833,33
2026-03-29T03:40:00;1.685.833,33
2026-03-29T03:45:00;1.669.250,00
2026-03-29T03:50:00;1.676.583,33
2026-03-29T03:55:00;1.690.083,33
2026-03-29T04:00:00;1.681.916,67
2026-03-29T04:05:00;1.671.833,33
2026-03-29T04:10:00;1.651.500,00
2026-03-29T04:15:00;1.661.166,67
2026-03-29T04:20:00;1.672.333,33
2026-03-29T04:25:00;1.669.000,00
2026-03-29T04:30:00;1.657.666,67
2026-03-29T04:35:00;1.656.166,67
2026-03-29T04:40:00;1.663.583,33
2026-03-29T04:45:00;1.644.916,67
2026-03-29T04:50:00;1.658.750,00
2026-03-29T04:55:00;1.666.000,00
2026-03-29T05:00:00;1.668.166,67
2026-03-29T05:05:00;1.671.833,33
2026-03-29T05:10:00;1.672.000,00
2026-03-29T05:15:00;1.645.583,33
2026-03-29T05:20:00;1.649.000,00
2026-03-29T05:25:00;1.654.333,33
2026-03-29T05:30:00;1.659.250,00
2026-03-29T05:35:00;1.643.750,00
2026-03-29T05:40:00;1.643.500,00
2026-03-29T05:45:00;1.647.750,00
2026-03-29T05:50:00;1.669.083,33
2026-03-29T05:55:00;1.661.666,67
2026-03-29T06:00:00;1.652.000,00
2026-03-29T06:05:00;1.670.333,33
2026-03-29T06:10:00;1.674.166,67
2026-03-29T06:15:00;1.668.416,67
2026-03-29T06:20:00;1.668.666,67
2026-03-29T06:25:00;1.666.500,00
2026-03-29T06:30:00;1.667.583,33
2026-03-29T06:35:00;1.686.250,00
2026-03-29T06:40:00;1.671.416,67
2026-03-29T06:45:00;1.685.166,67
2026-03-29T06:50:00;1.676.250,00
2026-03-29T06:55:00;1.694.416,67
2026-03-29T07:00:00;1.686.500,00
2026-03-29T07:05:00;1.718.750,00
2026-03-29T07:10:00;1.734.083,33
2026-03-29T07:15:00;1.761.166,67
2026-03-29T07:20:00;1.741.750,00
2026-03-29T07:25:00;1.742.833,33
2026-03-29T07:30:00;1.740.666,67
2026-03-29T07:35:00;1.750.083,33
2026-03-29T07:40:00;1.740.750,00
2026-03-29T07:45:00;1.722.083,33
2026-03-29T07:50:00;1.712.416,67
2026-03-29T07:55:00;1.727.916,67
2026-03-29T08:00:00;1.725.083,33
2026-03-29T08:05:00;1.746.166,67
2026-03-29T08:10:00;1.758.916,67
2026-03-29T08:15:00;1.755.333,33
2026-03-29T08:20:00;1.764.750,00
2026-03-29T08:25:00;1.779.500,00
2026-03-29T08:30:00;1.790.500,00
2026-03-29T08:35:00;1.798.583,33
2026-03-29T08:40:00;1.820.083,33
2026-03-29T08:45:00;1.833.000,00
2026-03-29T08:50:00;1.854.416,67
2026-03-29T08:55:00;1.850.916,67
2026-03-29T09:00:00;1.857.583,33
2026-03-29T09:05:00;1.891.583,33
2026-03-29T09:10:00;1.925.833,33
2026-03-29T09:15:00;1.965.333,33
2026-03-29T09:20:00;1.982.083,33
2026-03-29T09:25:00;1.991.666,67
2026-03-29T09:30:00;1.999.583,33
2026-03-29T09:35:00;2.043.083,33
2026-03-29T09:40:00;2.020.583,33
2026-03-29T09:45:00;2.047.500,00
2026-03-29T09:50:00;2.045.500,00
2026-03-29T09:55:00;2.075.333,33
2026-03-29T10:00:00;2.065.250,00
2026-03-29T10:05:00;2.080.750,00
2026-03-29T10:10:00;2.096.333,33
2026-03-29T10:15:00;2.116.000,00
2026-03-29T10:20:00;2.124.666,67
2026-03-29T10:25:00;2.137.000,00
2026-03-29T10:30:00;2.128.666,67
2026-03-29T10:35:00;2.152.250,00
2026-03-29T10:40:00;2.161.916,67
2026-03-29T10:45:00;2.172.750,00
2026-03-29T10:50:00;2.166.583,33
2026-03-29T10:55:00;2.169.583,33
2026-03-29T11:00:00;2.178.583,33
2026-03-29T11:05:00;2.178.250,00
2026-03-29T11:10:00;2.205.750,00
2026-03-29T11:15:00;2.203.666,67
2026-03-29T11:20:00;2.193.500,00
2026-03-29T11:25:00;2.192.833,33
2026-03-29T11:30:00;2.195.833,33
2026-03-29T11:35:00;2.182.916,67
2026-03-29T11:40:00;2.178.916,67
2026-03-29T11:45:00;2.175.083,33
2026-03-29T11:50:00;2.182.166,67
2026-03-29T11:55:00;2.178.250,00
2026-03-29T12:00:00;2.163.083,33
2026-03-29T12:05:00;2.161.000,00
2026-03-29T12:10:00;2.165.916,67
2026-03-29T12:15:00;2.175.166,67
2026-03-29T12:20:00;2.152.333,33
2026-03-29T12:25:00;2.150.583,33
2026-03-29T12:30:00;2.137.333,33
2026-03-29T12:35:00;2.145.083,33
2026-03-29T12:40:00;2.157.416,67
2026-03-29T12:45:00;2.165.583,33
2026-03-29T12:50:00;2.164.833,33
2026-03-29T12:55:00;2.172.500,00
2026-03-29T13:00:00;2.165.916,67
2026-03-29T13:05:00;2.154.666,67
2026-03-29T13:10:00;2.160.750,00
2026-03-29T13:15:00;2.177.250,00
2026-03-29T13:20:00;2.185.416,67
2026-03-29T13:25:00;2.201.750,00
2026-03-29T13:30:00;2.194.833,33
2026-03-29T13:35:00;2.208.250,00
2026-03-29T13:40:00;2.198.166,67
2026-03-29T13:45:00;2.204.416,67
2026-03-29T13:50:00;2.228.250,00
2026-03-29T13:55:00;2.226.666,67
2026-03-29T14:00:00;2.220.583,33
2026-03-29T14:05:00;2.234.083,33
2026-03-29T14:10:00;2.230.000,00
2026-03-29T14:15:00;2.231.833,33
2026-03-29T14:20:00;2.238.000,00
2026-03-29T14:25:00;2.226.000,00
2026-03-29T14:30:00;2.219.250,00
2026-03-29T14:35:00;2.207.000,00
2026-03-29T14:40:00;2.202.416,67
2026-03-29T14:45:00;2.174.916,67
2026-03-29T14:50:00;2.183.250,00
2026-03-29T14:55:00;2.182.333,33
2026-03-29T15:00:00;2.173.083,33
2026-03-29T15:05:00;2.152.666,67
2026-03-29T15:10:00;2.165.916,67
2026-03-29T15:15:00;2.176.666,67
2026-03-29T15:20:00;2.173.916,67
2026-03-29T15:25:00;2.141.916,67
2026-03-29T15:30:00;2.124.333,33
2026-03-29T15:35:00;2.111.083,33
2026-03-29T15:40:00;2.112.666,67
2026-03-29T15:45:00;2.124.000,00
2026-03-29T15:50:00;2.110.083,33
2026-03-29T15:55:00;2.106.083,33
2026-03-29T16:00:00;2.099.500,00
2026-03-29T16:05:00;2.103.416,67
2026-03-29T16:10:00;2.093.666,67
2026-03-29T16:15:00;2.089.583,33
2026-03-29T16:20:00;2.097.750,00
2026-03-29T16:25:00;2.076.750,00
2026-03-29T16:30:00;2.082.333,33
2026-03-29T16:35:00;2.041.250,00
2026-03-29T16:40:00;2.047.833,33
2026-03-29T16:45:00;2.060.000,00
2026-03-29T16:50:00;2.042.083,33
2026-03-29T16:55:00;2.044.833,33
2026-03-29T17:00:00;2.032.916,67
2026-03-29T17:05:00;2.060.916,67
2026-03-29T17:10:00;2.061.750,00
2026-03-29T17:15:00;2.056.916,67
2026-03-29T17:20:00;2.057.166,67
2026-03-29T17:25:00;2.047.916,67
2026-03-29T17:30:00;2.080.000,00
2026-03-29T17:35:00;2.049.833,33
2026-03-29T17:40:00;2.054.916,67
2026-03-29T17:45:00;2.069.416,67
2026-03-29T17:50:00;2.075.750,00
2026-03-29T17:55:00;2.081.333,33
2026-03-29T18:00:00;2.076.000,00
2026-03-29T18:05:00;2.083.000,00
2026-03-29T18:10:00;2.097.416,67
2026-03-29T18:15:00;2.117.500,00
2026-03-29T18:20:00;2.101.666,67
2026-03-29T18:25:00;2.094.000,00
2026-03-29T18:30:00;2.094.416,67
2026-03-29T18:35:00;2.108.750,00
2026-03-29T18:40:00;2.099.750,00
2026-03-29T18:45:00;2.105.416,67
2026-03-29T18:50:00;2.118.416,67
2026-03-29T18:55:00;2.089.500,00
2026-03-29T19:00:00;2.099.666,67
2026-03-29T19:05:00;2.115.916,67
2026-03-29T19:10:00;2.108.083,33
2026-03-29T19:15:00;2.120.250,00
2026-03-29T19:20:00;2.117.250,00
2026-03-29T19:25:00;2.106.166,67
2026-03-29T19:30:00;2.128.833,33
2026-03-29T19:35:00;2.130.250,00
2026-03-29T19:40:00;2.098.083,33
2026-03-29T19:45:00;2.119.583,33
2026-03-29T19:50:00;2.128.000,00
2026-03-29T19:55:00;2.112.916,67
2026-03-29T20:00:00;2.109.333,33
2026-03-29T20:05:00;2.093.916,67
2026-03-29T20:10:00;2.111.583,33
2026-03-29T20:15:00;2.126.916,67
2026-03-29T20:20:00;2.161.000,00
2026-03-29T20:25:00;2.182.750,00
2026-03-29T20:30:00;2.205.833,33
2026-03-29T20:35:00;2.245.500,00
2026-03-29T20:40:00;2.254.250,00
2026-03-29T20:45:00;2.298.666,67
2026-03-29T20:50:00;2.311.833,33
2026-03-29T20:55:00;2.340.000,00
2026-03-29T21:00:00;2.350.750,00
2026-03-29T21:05:00;2.371.083,33
2026-03-29T21:10:00;2.376.500,00
2026-03-29T21:15:00;2.380.250,00
2026-03-29T21:20:00;2.405.750,00
2026-03-29T21:25:00;2.402.000,00
2026-03-29T21:30:00;2.400.583,33
2026-03-29T21:35:00;2.410.916,67
2026-03-29T21:40:00;2.412.500,00
2026-03-29T21:45:00;2.389.333,33
2026-03-29T21:50:00;2.383.500,00
2026-03-29T21:55:00;2.376.416,67
2026-03-29T22:00:00;2.357.416,67
2026-03-29T22:05:00;2.373.666,67
2026-03-29T22:10:00;2.357.250,00
2026-03-29T22:15:00;2.339.500,00
2026-03-29T22:20:00;2.340.000,00
2026-03-29T22:25:00;2.329.166,67
2026-03-29T22:30:00;2.317.583,33
2026-03-29T22:35:00;2.307.416,67
2026-03-29T22:40:00;2.294.750,00
2026-03-29T22:45:00;2.276.333,33
2026-03-29T22:50:00;2.235.583,33
2026-03-29T22:55:00;2.232.250,00
2026-03-29T23:00:00;2.215.416,67
2026-03-29T23:05:00;2.201.666,67
2026-03-29T23:10:00;2.192.750,00
2026-03-29T23:15:00;2.169.250,00
2026-03-29T23:20:00;2.149.500,00
2026-03-29T23:25:00;2.143.583,33
2026-03-29T23:30:00;2.121.666,67
2026-03-29T23:35:00;2.100.750,00
2026-03-29T23:40:00;2.082.000,00
2026-03-29T23:45:00;2.059.666,67
2026-03-29T23:50:00;2.057.250,00
2026-03-29T23:55:00;2.021.000,00
